{
  "B0_pf": {
    "n": 39,
    "mean": 1.6030569883831849,
    "median": 1.266546158110801,
    "std": 0.9569826090075721,
    "min": 0.4480337462426164,
    "max": 4.607191549734643,
    "corr_with_live": -0.10226718827266404,
    "ar3_reject_rate": 0.4473684210526316
  },
  "B1_pf": {
    "n": 39,
    "mean": 1.4889942728368937,
    "median": 1.377577037146612,
    "std": 0.7199834471753648,
    "min": 0.4372506147853501,
    "max": 3.2950022555714114,
    "corr_with_live": -0.15935917500442567,
    "ar3_reject_rate": 0.42105263157894735
  },
  "B2_pf": {
    "n": 39,
    "mean": 2.6880517946662095,
    "median": 1.3360634175302248,
    "std": 4.303848412291046,
    "min": 8.439089693964102e-05,
    "max": 23.022236101860024,
    "corr_with_live": 0.979959115428204,
    "ar3_reject_rate": 0.4473684210526316
  },
  "B3_pf": {
    "n": 39,
    "mean": 1.7648771236915144,
    "median": 1.1805865782900382,
    "std": 1.7816422508689924,
    "min": 0.3556106767931362,
    "max": 10.291237532176673,
    "corr_with_live": 0.709687005677802,
    "ar3_reject_rate": 0.5
  },
  "B4_pf": {
    "n": 39,
    "mean": 2.1455543915246977,
    "median": 1.4880402752097837,
    "std": 2.179701326618021,
    "min": 0.5032697965583367,
    "max": 11.843102375482548,
    "corr_with_live": 0.9450211164455395,
    "ar3_reject_rate": 0.5263157894736842
  }
}